index,mode,in_air,altitude_agl_m,horizontal_distance_to_dock_m,north_m,east_m,down_m,roll_deg,pitch_deg,yaw_deg,target_x_m,target_y_m,target_z_m
0,return_to_launch,True,9.754478454589844,0.15321847623859522,-0.0768231749534607,-0.13256734609603882,-9.754478454589844,0.2569035589694977,0.24553221464157104,90.95415496826172,0.0,2.7755575615628914e-17,0.0
1,return_to_launch,True,9.778666496276855,0.1408784068279554,-0.06976182758808136,-0.12239286303520203,-9.778666496276855,0.36288583278656006,0.20387166738510132,90.91838836669922,0.0,0.0,0.0
2,return_to_launch,True,9.792510986328125,0.131696602989357,-0.058394141495227814,-0.11804287135601044,-9.792510986328125,0.38816404342651367,0.18970870971679688,90.93650817871094,0.0,0.0,0.0
3,return_to_launch,True,9.805792808532715,0.11466771320440938,-0.03547774627804756,-0.10904134064912796,-9.805792808532715,0.5787302255630493,0.19610890746116638,90.9332046508789,0.0,-1.3877787807814457e-17,0.0
4,return_to_launch,True,9.815013885498047,0.10713355442208301,-0.025253163650631905,-0.10411472618579865,-9.815013885498047,0.674440860748291,0.16929134726524353,90.94342041015625,0.0,0.0,0.0
5,return_to_launch,True,9.822563171386719,0.11371451779586088,-0.014946562238037586,-0.11272795498371124,-9.822563171386719,0.6662693023681641,0.04720095917582512,90.8766860961914,-0.016667651057392218,-0.00025505261512479005,0.0
6,return_to_launch,True,9.855635643005371,0.12468658411869701,-0.022872496396303177,-0.12257076799869537,-9.855635643005371,0.5507277846336365,-0.07796225696802139,90.87251281738281,0.0,1.3877787807814457e-17,0.0
7,return_to_launch,True,9.888298034667969,0.1329360390556487,-0.03905152156949043,-0.12707072496414185,-9.888298034667969,0.0636431872844696,-0.9082639813423157,90.94036102294922,-1.3877787807814457e-17,-2.7755575615628914e-17,0.0
8,return_to_launch,True,9.909987449645996,0.15449953586978246,-0.09215942025184631,-0.12400301545858383,-9.909987449645996,-0.8752206563949585,-2.0902910232543945,91.06468963623047,-1.3877787807814457e-17,2.7755575615628914e-17,0.0
9,return_to_launch,True,9.916500091552734,0.15854740685337043,-0.1052006408572197,-0.1186174750328064,-9.916500091552734,-0.6816251873970032,-0.33672380447387695,91.0980453491211,1.3877787807814457e-17,1.3877787807814457e-17,0.0
10,return_to_launch,True,9.898216247558594,0.14329184648816046,-0.10610521584749222,-0.09630283713340759,-9.898216247558594,-0.20391710102558136,0.028697384521365166,91.08451080322266,0.0,1.3877787807814457e-17,0.0
11,return_to_launch,True,9.898726463317871,0.1090749086918412,-0.08381257206201553,-0.06980536133050919,-9.898726463317871,-0.07692667096853256,0.023295791819691658,91.00364685058594,1.3877787807814457e-17,1.3877787807814457e-17,0.0
12,return_to_launch,True,9.899312019348145,0.07901908449903415,-0.05876956135034561,-0.05282191187143326,-9.899312019348145,0.2880663275718689,0.17889951169490814,90.91261291503906,6.938893903907228e-18,0.0,0.0
13,return_to_launch,True,9.878829002380371,0.0509070198346604,-0.029594415798783302,-0.04142095148563385,-9.878829002380371,0.5546114444732666,0.17068322002887726,90.83976745605469,6.938893903907228e-18,1.3877787807814457e-17,0.0
14,return_to_launch,True,9.876286506652832,0.04922846122961743,-0.016059722751379013,-0.04653521999716759,-9.876286506652832,0.6298450231552124,-0.07790224999189377,90.86224365234375,-0.016756288310142864,-0.00025218426459761023,0.0
15,return_to_launch,True,9.858743667602539,0.0498585041684003,0.014867585152387619,-0.04759018123149872,-9.858743667602539,1.0560498237609863,-0.1768943816423416,90.8036880493164,0.014197200008502726,0.00019915722372637612,0.0
16,return_to_launch,True,9.850545883178711,0.04616542020054028,0.028471773490309715,-0.03634011745452881,-9.850545883178711,0.49947842955589294,-0.047408852726221085,90.8330307006836,0.0,0.0,0.0
17,return_to_launch,True,9.852248191833496,0.03286514415033273,0.018389718607068062,-0.027238501235842705,-9.852248191833496,0.5949623584747314,0.016476549208164215,90.94974517822266,0.0,3.469446951953614e-18,0.0
18,return_to_launch,True,9.846170425415039,0.026341006778855893,-0.014004119671881199,-0.022309936583042145,-9.846170425415039,0.3405305743217468,-0.12024533003568649,91.01280212402344,-0.014394028922660389,-0.0002544658924611108,0.0
19,return_to_launch,True,9.84465503692627,0.024043955149999803,-0.021040190011262894,-0.011637103743851185,-9.84465503692627,0.04162056744098663,-0.10777248442173004,90.96324157714844,0.00018965694337158556,-0.011280159511130948,0.0
20,return_to_launch,True,9.781682968139648,0.008774699218789829,0.0025830345693975687,0.008385897614061832,-9.781682968139648,0.04347679764032364,0.07378869503736496,90.95906829833984,0.0025830345693975687,0.008385897614061832,0.0
21,return_to_launch,True,9.691644668579102,0.017187940915956254,0.014649552293121815,0.008989768102765083,-9.691644668579102,0.4250330924987793,0.19144679605960846,91.01807403564453,0.014649552293121815,0.008989768102765083,0.0
22,return_to_launch,True,9.391585350036621,0.023906972771757937,0.023072121664881706,-0.00626263115555048,-9.391585350036621,0.5664973855018616,-0.06642605364322662,91.03682708740234,0.00012085865635375406,-0.006678003618250489,0.0
23,return_to_launch,True,9.02897834777832,0.04840607253306933,0.039974942803382874,-0.02729746885597706,-9.02897834777832,0.4085555672645569,-0.2942264974117279,91.03466033935547,0.0,3.469446951953614e-18,0.0
24,return_to_launch,True,8.833294868469238,0.05553576099373832,0.044136788696050644,-0.033707041293382645,-8.833294868469238,0.7191656231880188,-0.18509243428707123,91.00811767578125,6.938893903907228e-18,0.0,0.0
25,return_to_launch,True,8.485135078430176,0.06736071559173609,0.0390256866812706,-0.054904114454984665,-8.485135078430176,0.6007638573646545,-0.5296745300292969,90.99586486816406,-6.938893903907228e-18,6.938893903907228e-18,0.0
26,return_to_launch,True,8.305878639221191,0.07864302511444889,0.0367753840982914,-0.06951472163200378,-8.305878639221191,0.3614360988140106,-0.7029330134391785,90.95552825927734,0.0,-1.3877787807814457e-17,0.0
27,return_to_launch,True,7.940632343292236,0.08779537642146594,0.022288402542471886,-0.08491910994052887,-7.940632343292236,0.3144614100456238,-0.8100950717926025,90.95455932617188,0.0,-1.3877787807814457e-17,0.0
28,return_to_launch,True,7.599323272705078,0.08041663570613894,0.006669232156127691,-0.08013960719108582,-7.599323272705078,0.15746137499809265,-0.7362030744552612,90.9256820678711,0.005372965266073852,8.681425458491321e-05,0.0
29,return_to_launch,True,7.41281270980835,0.07325029523302473,0.0010374966077506542,-0.07324294745922089,-7.41281270980835,0.05672941356897354,-0.5331008434295654,90.93867492675781,-0.00016250400478928502,-2.662536136940896e-06,0.0
30,return_to_launch,True,7.0584211349487305,0.04158108359418747,0.002338457852602005,-0.041515275835990906,-7.0584211349487305,-0.027038544416427612,-0.2744121849536896,90.98253631591797,0.001625985362847595,2.7885933338550606e-05,0.0
31,return_to_launch,True,6.872322082519531,0.03142422464813078,0.013540329411625862,-0.028357386589050293,-6.872322082519531,0.28948646783828735,-0.0062195672653615475,91.04399108886719,0.0,-3.469446951953614e-18,0.0
32,return_to_launch,True,6.5051398277282715,0.03776403278765668,0.03767247498035431,0.0026280793827027082,-6.5051398277282715,0.3816542625427246,0.17205390334129333,91.03165435791016,-3.509797117842717e-05,0.0019490522910572707,0.0
33,return_to_launch,True,6.156977653503418,0.07606132773033918,0.0637877807021141,0.041429996490478516,-6.156977653503418,0.639583170413971,0.3519594967365265,90.97782135009766,0.0,6.938893903907228e-18,0.0
34,return_to_launch,True,5.983448505401611,0.08937872517788464,0.0728427842259407,0.05179271474480629,-5.983448505401611,0.7986484169960022,0.5719247460365295,90.90741729736328,-1.3877787807814457e-17,6.938893903907228e-18,0.0
35,return_to_launch,True,5.611380100250244,0.09439808789319949,0.07059308886528015,0.06267068535089493,-5.611380100250244,0.8151026964187622,0.5213002562522888,90.9205551147461,-1.3877787807814457e-17,-1.3877787807814457e-17,0.0
36,return_to_launch,True,5.425896644592285,0.09189611423340771,0.06122763082385063,0.06852789968252182,-5.425896644592285,0.579499363899231,0.43711787462234497,90.82964324951172,6.938893903907228e-18,0.0,0.0
37,return_to_launch,True,5.089253902435303,0.09148753464844858,0.04563862085342407,0.07929114252328873,-5.089253902435303,0.2942081093788147,0.4248553216457367,90.82427215576172,0.0,0.0,0.0
38,return_to_launch,True,4.7737603187561035,0.08110422182520176,0.030370909720659256,0.075203076004982,-4.7737603187561035,0.2443142533302307,0.34928181767463684,90.84346771240234,-3.469446951953614e-18,0.0,0.0
39,return_to_launch,True,4.606104373931885,0.06865263515549161,0.017334233969449997,0.06642822176218033,-4.606104373931885,0.14613604545593262,0.17500784993171692,90.88191986083984,-1.0408340855860843e-17,-1.3877787807814457e-17,0.0
40,return_to_launch,True,4.276609420776367,0.0501582738125293,-0.007368778344243765,0.04961404576897621,-4.276609420776367,-0.11602362990379333,-0.03797789663076401,90.95256805419922,-0.006542037966321791,-0.00010877434000731295,0.0
41,return_to_launch,True,4.13301944732666,0.04274224642427301,-0.004021709319204092,0.04255262017250061,-4.13301944732666,-0.11070555448532104,-0.18514756858348846,90.99928283691406,-0.003278485904200874,-5.718513549048121e-05,0.0
42,return_to_launch,True,3.9030137062072754,0.02910612106258407,-0.013678495772182941,0.02569173090159893,-3.9030137062072754,0.1711444854736328,-0.2590009272098541,90.97217559814453,-1.734723475976807e-18,3.469446951953614e-18,0.0
43,return_to_launch,True,3.691227674484253,0.031906275087545156,-0.03168686106801033,-0.0037354016676545143,-3.691227674484253,-0.1353798657655716,-0.38374507427215576,90.98938751220703,5.5042707819911996e-05,-0.0031872257746671396,0.0
44,return_to_launch,True,3.5764362812042236,0.04106857103589496,-0.03929576277732849,-0.011936102993786335,-3.5764362812042236,-0.18104113638401031,-0.5539993643760681,90.98294067382812,0.0,-1.734723475976807e-18,0.0
45,return_to_launch,True,3.3642849922180176,0.04642821933244784,-0.03043564409017563,-0.03506067767739296,-3.3642849922180176,-0.14806704223155975,-0.6102472543716431,91.02730560302734,3.469446951953614e-18,0.0,0.0
46,return_to_launch,True,3.242445945739746,0.046318520753870294,-0.026432335376739502,-0.03803599625825882,-3.242445945739746,0.1291346400976181,-0.683871865272522,90.97482299804688,0.0,6.938893903907228e-18,0.0
47,return_to_launch,True,3.0356051921844482,0.03204466449298531,-0.01873791590332985,-0.02599521167576313,-3.0356051921844482,0.2365596890449524,-0.47337910532951355,90.93192291259766,0.0,0.0,0.0
48,return_to_launch,True,2.9031126499176025,0.019380780080056396,-0.01285578217357397,-0.014503223821520805,-2.9031126499176025,0.280871719121933,-0.23825134336948395,90.93621826171875,1.734723475976807e-18,1.734723475976807e-18,0.0
49,return_to_launch,True,2.8367919921875,0.010838846870756456,-0.010741346515715122,-0.001450543524697423,-2.8367919921875,0.3165069818496704,-0.10284440219402313,90.95913696289062,2.126792872872603e-05,-0.001270359473016663,0.0
50,return_to_launch,True,2.6818130016326904,0.029258861418165926,-0.004982513375580311,0.02883150242269039,-2.6818130016326904,0.3233809769153595,0.17461425065994263,90.93746948242188,-0.004509524802923233,-7.379111018093396e-05,0.0
51,return_to_launch,True,2.598281145095825,0.037323266257973095,0.004194796551018953,0.037086788564920425,-2.598281145095825,0.39227500557899475,0.3179900646209717,90.89064025878906,8.673617379884035e-19,0.0,0.0
52,return_to_launch,True,2.4323604106903076,0.04569199348165679,-0.0008374167373403907,0.045684318989515305,-2.4323604106903076,0.48656582832336426,0.287147581577301,90.94892883300781,-8.070480127135408e-05,-1.3367496959765246e-06,0.0
53,return_to_launch,True,2.270463228225708,0.05449704717013876,-0.020873786881566048,0.05034096911549568,-2.270463228225708,0.16589424014091492,0.2543169856071472,91.01383972167969,0.0,-6.938893903907228e-18,0.0
54,return_to_launch,True,2.1949105262756348,0.05419422164741288,-0.014834702014923096,0.052124325186014175,-2.1949105262756348,0.0724838450551033,0.21602259576320648,90.99686431884766,1.734723475976807e-18,6.938893903907228e-18,0.0
55,return_to_launch,True,2.063943386077881,0.0506457199501613,-0.009169746190309525,0.04980868101119995,-2.063943386077881,0.2010761946439743,0.15040336549282074,91.04753875732422,0.0,0.0,0.0
56,return_to_launch,True,1.9946746826171875,0.05120906561932204,-0.016188738867640495,0.04858284816145897,-1.9946746826171875,0.2186192274093628,0.07611849159002304,91.02965545654297,3.469446951953614e-18,0.0,0.0
57,return_to_launch,True,1.8733915090560913,0.05003766466545895,-0.006563085131347179,0.04960538074374199,-1.8733915090560913,0.17060944437980652,0.026586858555674553,90.952392578125,8.673617379884035e-19,0.0,0.0
58,return_to_launch,True,1.7516323328018188,0.04287750796728072,-0.0009985166834667325,0.04286587983369827,-1.7516323328018188,0.3011191487312317,-0.0025353606324642897,90.95116424560547,-0.00028675802798754904,-4.76089241941563e-06,0.0
59,return_to_launch,True,1.693671703338623,0.031079112700935607,0.0008079091785475612,0.03106861002743244,-1.693671703338623,0.3205356299877167,-0.08571687340736389,90.94203186035156,0.0013184150897422276,2.1678751137493152e-05,0.0
